2015-07-10 15:21:55,Module,Error,can’t find xxx
2015-07-11 15:21:55,Module,Error,can’t find xxx
2016-07-12 15:21:55,Module,Error,can’t find xxx
2015-08-13 15:21:55,Module,Error,can’t find xxx
2015-08-14 15:21:55,Module,Error,can’t find xxx
2015-09-14 15:21:55,Module,Error,can’t find xxx
2015-09-14 15:21:55,Module,Error,can’t find xxx
2015-11-14 15:21:55,Module,Error,can’t find xxx
2015-12-14 15:21:55,Module,Error,can’t find xxx
2015-12-14 15:21:55,Module,Error,can’t find xxx
2016-07-14 15:21:55,Module,Error,can’t find xxx
2016-07-14 15:21:55,Module,Error,can’t find xxx
